,country,renew_ratio_2017,gdp_2017,gdp_2018,population_2017,population_2018,gdp_per_capita_2017,gdp_per_capita_2018,renew_ratio_2018,debt_gdp_ratio_2017,debt_gdp_ratio_2018
0,Algeria,0.002467040265930766,167555280113.181,180689115940.685,41389198.0,42228429.0,4048.2852582256123,4278.850059534182,0.002914578788431103,0.27454999999999996,0.32881
1,Azerbaijan,0.030029048963668994,40865558912.3867,46939529411.7647,9854033.0,9942334.0,4147.089715691707,4721.1780867314155,0.03109314505823333,0.54084,0.48350000000000004
2,Argentina,0.11756809306040834,642695864756.35,518475134084.357,44044811.0,44494502.0,14591.863381054127,11652.56628974872,0.12145037651353563,0.57576,0.6270399999999999
3,Australia,0.06326768613636033,1330803227996.08,1432195178668.32,24601860.0,24992369.0,54093.60219089451,57305.29901620451,0.07718410698685317,0.40806999999999993,0.40513000000000005
4,Bangladesh,0.0090048795970025,249723862487.361,274024958965.892,159670593.0,161356039.0,1563.9940817866254,1698.2628023354737,0.007597428364522445,0.33098,0.3336
5,Brazil,0.3595744318303504,2053594973992.61,1868626087908.48,207833831.0,209469333.0,9880.946543263257,8920.762104629797,0.3755369043533746,0.83973,0.8844299999999999
6,Canada,0.2898964519495502,1646867220617.47,1712510030034.05,36540268.0,37058856.0,45069.92725443256,46210.547622788195,0.28529630777391146,0.89727,0.87262
7,Sri Lanka,0.13330472711494082,88019706803.834,88900770857.6351,21444000.0,21670000.0,4104.630983204346,4102.481350144675,0.19602393617737146,0.7910200000000001,0.78004
8,China,0.11984774707933375,12143491448186.1,13608151864637.9,1386395000.0,1392730000.0,8759.041577751,9770.847087833177,0.12732334003334156,0.4696,0.50104
9,Chile,0.21188622819649036,277746457909.868,298231139609.448,18470439.0,18729160.0,15037.35010899676,15923.359061989326,0.2189050354270872,0.23596999999999999,0.24759
10,Colombia,0.29627282408503697,311789874617.096,330227866233.324,48901066.0,49648685.0,6375.932062853109,6651.29129267621,0.2845578093290212,0.49354,0.48695
11,Cyprus,0.0351806452749841,22141864998.8731,24469841831.9169,1179680.0,1189265.0,18769.382373926066,20575.600755018353,0.03769560538139957,0.97454,1.1230200000000001
12,Denmark,0.28842910167673336,329865553842.833,352058410508.345,5764980.0,5797446.0,57218.854851679105,60726.46653515099,0.2798663613209077,0.35294000000000003,0.34739000000000003
13,Ecuador,0.2813874305686309,104295862000.0,108398058000.0,16785361.0,17084357.0,6213.501276499207,6344.871978500566,0.2738597288809569,0.45363,0.48373999999999995
14,Egypt,0.03952495050985905,235369129337.711,250895469644.498,96442593.0,98423595.0,2440.5101731110753,2549.1394583229558,0.040732608864110564,1.0304,0.92519
15,Ireland,0.12819529158905602,334834010485.56,382487490532.479,4807388.0,4853506.0,69649.88273997439,78806.43199626806,0.1455142376564824,0.6855500000000001,0.66577
16,Estonia,0.06994563359886992,26611651598.9453,30284890757.0585,1317384.0,1320884.0,20200.37559204097,22927.74441741932,0.0665943823083224,0.0898,0.08802
17,Austria,0.32500904341766984,416835975862.194,455736580716.185,8797566.0,8847037.0,47380.82963653742,51512.905475153435,0.3228694906868033,0.7855,0.74237
18,Czech Republic,0.05215814527378743,215913545038.43,245225882903.37,10594438.0,10625695.0,20379.896039641742,23078.573486569112,0.0500205356653751,0.34669000000000005,0.33165999999999995
19,Finland,0.2537551154637389,252331136734.129,273960969999.218,5508214.0,5518050.0,45809.973384136676,49648.149255483004,0.2490883028888695,0.61332,0.60516
20,France,0.0866245170919702,2586285406561.51,2777535239277.98,66865144.0,66987244.0,38679.12714824198,41463.644022703484,0.10386229180814664,0.96801,0.9668799999999999
21,Germany,0.14666484635796512,3693204332229.78,3996759291057.81,82657002.0,82927922.0,44681.08258063582,48195.57990441157,0.1580034731178811,0.63852,0.5978600000000001
22,Greece,0.11153484394799358,203085551429.132,218031844583.994,10754679.0,10727668.0,18883.460066928263,20324.25356414777,0.12888637894884106,1.8177900000000002,1.8806400000000003
23,Croatia,0.19924167426662925,55201417479.3925,60805659436.216,4124531.0,4089400.0,13383.683497443104,14869.090682304495,0.2535908777338752,0.77847,0.74249
24,Hungary,0.03334469949231265,139761138102.757,155703069815.638,9787966.0,9768785.0,14278.874497802402,15938.836796555355,0.03615647317690511,0.7358,0.7127
25,Iceland,0.7975186837908861,24489493459.0074,25882218777.4084,343400.0,353574.0,71314.77419629412,73201.70254998501,0.8009237229487858,0.39958,0.37022
26,India,0.06999631224106095,2652551202555.27,2726322616821.31,1338658835.0,1352617328.0,1981.4990445681929,2015.5904854867497,0.07320694586012215,0.7117600000000001,0.69554
27,Israel,0.01627447187953799,353268411918.577,369690436162.433,8713300.0,8883800.0,40543.584166570305,41613.998082175756,0.01798551908079761,0.60928,0.61494
28,Italy,0.14802617841864169,1946570340341.13,2073901988878.23,60536709.0,60431283.0,32155.20586593384,34318.35112417239,0.16414754771759266,1.31808,1.30281
29,Iraq,0.010775629435946798,193158783783.784,225914183047.981,37552781.0,38433600.0,5143.66123200793,5878.038566462184,0.013380264373166265,0.59726,0.51771
30,Japan,0.08868136550546289,4859950558538.97,4970915556638.88,126785797.0,126529100.0,38331.979397810384,39286.73764880079,0.09640480571822338,2.3764700000000003,2.38225
31,Korea,0.015531588746735872,1530750923148.7,1619423701169.63,51466201.0,51635256.0,29742.83886134708,31362.75147293992,0.018688241432373943,0.39529000000000003,0.4036
32,Kuwait,0.000617476363922808,119551599076.822,141677814569.536,4056097.0,4137309.0,29474.541431534308,34243.95290985904,0.0006133680279593847,0.20584,0.18792999999999999
33,Kazakhstan,0.03899502438019496,162886867831.694,170538870248.194,18037776.0,18276499.0,9030.31880602653,9331.04694986682,0.032685360107147884,0.20792,0.17798999999999998
34,Latvia,0.2992300142264288,30463302413.7289,34849078085.6672,1942248.0,1926542.0,15684.558518648957,18088.927251867437,0.2171151370159584,0.36315,0.35005000000000003
35,Belarus,0.006761504754767125,54726595249.1849,59662495092.2654,9498264.0,9485386.0,5761.747120230065,6289.938553082121,0.0075644784387155035,0.53437,0.55923
36,Lithuania,0.09771049157546516,47544459558.9514,53251369047.3762,2828403.0,2789533.0,16809.64825696741,19089.707505656395,0.08309013581607097,0.39734,0.36955999999999994
37,Morocco,0.05244661829071212,109708728848.535,118495328198.08,35581294.0,36029138.0,3083.32599844556,3288.874915577497,0.06996106341653255,0.65132,0.6441199999999999
38,Oman,6.717923489912615e-05,70783875162.5488,79294928478.5436,4665935.0,4829483.0,15170.351743551677,16418.926928315846,0.00010114937166762889,0.46903,0.48698
39,Mexico,0.061103408924820725,1158071006809.62,1223808885585.61,124777324.0,126190788.0,9281.101482907425,9698.084186506627,0.06523871222494088,0.54332,0.53815
40,Malaysia,0.057346096961216925,314707268049.991,354348422831.193,31105028.0,31528585.0,10117.56903256898,11238.957372530134,0.05867045998938216,0.5412300000000001,0.5510100000000001
41,Belgium,0.05588030868682326,494901708704.269,531766935070.733,11375158.0,11422068.0,43507.23820313256,46556.09956714782,0.06241437222279166,1.03423,1.01195
42,Luxembourg,0.035733012975666265,62316359824.1281,69487922619.3401,596336.0,607728.0,104498.73867103126,114340.49874177281,0.04231591309943576,0.22949999999999998,0.22804000000000002
43,Netherlands,0.04668151107736835,831809944960.879,913658465709.125,17131296.0,17231017.0,48554.99227617566,53024.05921305312,0.0499020047659804,0.5645,0.53099
44,Norway,0.6920406719391128,399488897844.046,434750937596.065,5276968.0,5314336.0,75704.24869812476,81807.19803867595,0.683993413579365,0.36461999999999994,0.36358
45,New Zealand,0.3668721834516805,202590814084.991,205024937871.546,4793900.0,4885500.0,42260.12517678529,41966.00918463739,0.3841010034354297,0.31695999999999996,0.30357
46,Peru,0.27742275957840923,210702303186.432,222237570741.8,31444297.0,31989256.0,6700.811380404911,6947.256627093796,0.2833705158929244,0.25429,0.26389
47,Pakistan,0.09638429498100247,304951818494.066,312570060548.453,207896686.0,212215030.0,1466.8430957772264,1472.8931336694343,0.11088368533451398,0.66962,0.7253499999999999
48,Poland,0.052804505140615035,526371021088.561,585782872331.589,37974826.0,37978548.0,13861.051557907362,15424.046025445443,0.04616852121532331,0.50622,0.49988
49,Portugal,0.1985376295624043,219308126633.628,237978938135.341,10300300.0,10281762.0,21291.430990711728,23145.73495625954,0.2571718327929285,1.25682,1.20825
50,Qatar,0.0005738417805515928,166928571428.571,192009340659.341,2724724.0,2781677.0,61264.39647779776,69026.46880257521,0.0005810102105996171,0.53767,0.53402
51,Romania,0.16515528190664122,211406933991.363,239552516744.469,19587491.0,19473936.0,10792.9562796666,12301.186403430154,0.1780136801920415,0.36778,0.37185
52,Philippines,0.11497861157274425,313619747740.186,330910343610.956,105173264.0,106651922.0,2981.9341514416246,3102.713363299313,0.11242455010136576,0.39970999999999995,0.39786
53,Russia,0.06103640546761111,1578624060588.26,1657553765580.67,144496740.0,144478050.0,10924.980456917297,11472.70305475932,0.060376219755479715,0.1553,0.1533
54,Saudi Arabia,0.00012212312378085725,688586133333.333,782483466666.667,33099147.0,33699947.0,20803.742565732373,23219.13048310334,0.0001352051849626528,0.17206,0.19390000000000002
55,South Africa,0.021365141719239502,349268114386.875,368288203086.63,57000451.0,57779622.0,6127.462296515426,6374.015445906344,0.02472798489040219,0.5304,0.55728
56,Slovenia,0.14689197357725456,48455919386.0505,54235484383.0673,2066388.0,2067372.0,23449.57451652376,26234.022896250553,0.17007164174032513,0.73617,0.6965399999999999
57,Singapore,0.002777750696870297,338406474038.67,364156657769.87,5612253.0,5638676.0,60297.79378062072,64581.94401839545,0.0030672084032691005,1.11105,1.1284999999999998
58,Spain,0.14409617713418812,1314314164402.2,1426189137596.58,46593236.0,46723749.0,28208.26105321811,30523.859239047364,0.16981939710607866,0.9836399999999998,0.97154
59,Sweden,0.39597882493614506,535607385506.432,551031682226.344,10057698.0,10183175.0,53253.47664111927,54111.97217236707,0.3851025189469503,0.40838,0.37911
60,Switzerland,0.31896658575287656,678965423322.021,705501304688.699,8451840.0,8516543.0,80333.44494477191,82838.92944457616,0.3174366519139889,0.41814999999999997,0.40155
61,Trinidad and Tobago,5.920909008181689e-05,22250455018.8067,23410353434.6523,1384072.0,1389858.0,16076.082038222507,16843.70161171307,5.91451242057635e-05,0.41777000000000003,0.42652
62,Thailand,0.034155429529188944,455275517239.347,504992757704.997,69209858.0,69428524.0,6578.188864935209,7273.5632073209135,0.043275614738144334,0.41881999999999997,0.41924999999999996
63,Turkey,0.12968103884237442,851549231502.615,766509088837.579,81101892.0,82319724.0,10499.745573168811,9311.366117281674,0.14365931121910355,0.28261,0.32332
64,Turkmenistan,5.48958466226622e-05,37926285714.2857,40761142857.1429,5757669.0,5850908.0,6587.090316286973,6966.635410630777,4.998886247900504e-05,0.2882,0.30865
65,United Kingdom,0.11636542659973545,2637866340434.13,2825207947502.9,66058859.0,66488991.0,39932.06029238455,42491.36443509723,0.13075437356896422,0.8752500000000001,0.8737999999999999
66,Ukraine,0.028902148988746094,112190355158.178,130832374404.882,44831135.0,44622516.0,2502.509810607695,2931.981119237696,0.03387656880910785,0.70997,0.70481
67,United States,0.07288442485464333,19485393853000.0,20494100000000.0,325147121.0,327167434.0,59927.92983395354,62641.01456992813,0.07361763451203612,1.05199,1.061414
68,Uzbekistan,0.03865904284391184,59159949231.4924,50499920318.2926,32388600.0,32955400.0,1826.567039992232,1532.3716391939593,0.03554861727509976,0.24259,0.19224
70,Vietnam,0.21340955751711985,223779865815.183,244948445308.883,94596642.0,95540395.0,2365.6216656737456,2563.82073058085,0.2150458755282592,0.58489,0.5781399999999999
71,Indonesia,0.0410642553565972,1015423455783.28,1042173300625.55,264645886.0,267663435.0,3836.913813892728,3893.5960775723815,0.038096757646414486,0.28768,0.2983
72,United Arab Emirates,0.0011196029962917636,382575085091.899,414178897208.986,9487203.0,9630959.0,40325.382000564234,43004.94864623409,0.0019231097384604246,0.19747,0.17809999999999998
